contact_id,account_id,full_name,title,seniority,email,email_opens_last_90d,email_clicks_last_90d,last_meeting_date
CON-5000,ACC-1215,Kai Jensen,Director of Demand Gen,Director,kai.jensen@juniper.co,27,5,2025-12-23
CON-5001,ACC-1208,Anya Mbeki,VP Growth,VP,anya.mbeki@questsoftware.com,4,4,2025-10-17
CON-5002,ACC-1051,Felix Bergman,Head of Marketing,Director,felix.bergman@willowrunfinancial.com,12,5,2025-10-17
CON-5003,ACC-1162,Felix Petrov,Director of Demand Gen,Director,felix.petrov@terracelabs.co,7,5,2025-09-15
CON-5004,ACC-1201,Leila Abadi,VP Marketing,VP,leila.abadi@northwindanalytics.io,18,3,
CON-5005,ACC-1139,Ethan Costa,Director of Demand Gen,Director,ethan.costa@helix.com,17,0,
CON-5006,ACC-1118,Noor Reyes,Founder,C-Suite,noor.reyes@parallaxnetworks.ai,25,4,
CON-5007,ACC-1017,Anya Romano,Head of Growth,Director,anya.romano@valencegroup.co,15,2,
CON-5008,ACC-1061,Chloe Costa,Head of Marketing,Director,chloe.costa@thornburytechnologies.com,22,6,
CON-5009,ACC-1018,Nadia Tanaka,Founder,C-Suite,nadia.tanaka@opaltechnologies.io,18,6,2025-08-19
CON-5010,ACC-1235,Cyrus Varga,CEO,C-Suite,cyrus.varga@northwind.co,17,0,
CON-5011,ACC-1092,Noor O'Brien,VP Growth,VP,noor.obrien@willowrunlogistics.io,20,1,2026-02-08
CON-5012,ACC-1168,Victor Abadi,Head of Marketing,Director,victor.abadi@plumesystems.co,20,9,2025-10-29
CON-5013,ACC-1173,Amara Jensen,Director of Demand Gen,Director,amara.jensen@vantageai.ai,10,6,2026-03-18
CON-5014,ACC-1066,Jamal Kapoor,COO,C-Suite,jamal.kapoor@kilntechnologies.co,16,8,
CON-5015,ACC-1147,Jamal Singh,Director of Brand,Director,jamal.singh@ironwoodcloud.ai,12,7,
CON-5016,ACC-1150,Noor Kapoor,Head of Marketing,Director,noor.kapoor@ironwoodlogistics.co,11,0,2026-01-27
CON-5017,ACC-1106,Priya Ferreira,Head of Content,Director,priya.ferreira@monarchai.ai,23,2,2026-01-15
CON-5018,ACC-1116,Darius Reyes,Co-Founder,C-Suite,darius.reyes@questdigital.com,15,5,2025-12-21
CON-5019,ACC-1184,Noor Singh,Director of Brand,Director,noor.singh@beacon.com,2,4,2025-10-13
CON-5020,ACC-1029,Aisha Bergman,Head of Growth,Director,aisha.bergman@latticeai.io,3,2,
CON-5021,ACC-1189,Jamal Kapoor,Head of Marketing,Director,jamal.kapoor@willowrunsystems.ai,17,2,2025-12-24
CON-5022,ACC-1245,Nadia Hassan,Director of Demand Gen,Director,nadia.hassan@driftdigital.co,12,2,2025-10-26
CON-5023,ACC-1110,Leila Chen,COO,C-Suite,leila.chen@harborlabs.io,19,3,2025-12-24
CON-5024,ACC-1099,Aisha Varga,Director of Marketing,Director,aisha.varga@solsticegroup.io,6,4,
CON-5025,ACC-1207,Darius Patel,VP Growth,VP,darius.patel@foxglovesystems.io,3,8,2026-01-19
CON-5026,ACC-1050,Nadia Ferreira,Head of Brand,Director,nadia.ferreira@thornburyai.ai,21,7,2025-10-31
CON-5027,ACC-1080,Kai Jensen,VP Growth,VP,kai.jensen@parallaxsystems.co,12,9,2026-01-12
CON-5028,ACC-1216,Nadia Tanaka,Head of Marketing,Director,nadia.tanaka@driftlabs.io,26,4,
CON-5029,ACC-1151,Priya Costa,Head of Marketing,Director,priya.costa@latticesystems.ai,10,1,2026-03-14
CON-5030,ACC-1046,Owen Varga,Head of Marketing,Director,owen.varga@redshorenetworks.com,16,6,2026-03-08
CON-5031,ACC-1147,Leila Romano,Head of Marketing,Director,leila.romano@ironwoodcloud.ai,15,8,
CON-5032,ACC-1165,Ethan O'Brien,Head of Marketing,Director,ethan.obrien@beaconnetworks.com,15,4,2026-01-22
CON-5033,ACC-1215,Nadia Tanaka,CMO,C-Suite,nadia.tanaka@juniper.co,27,5,
CON-5034,ACC-1124,Sofia Reyes,Head of Content,Director,sofia.reyes@beaconlabs.io,12,8,2025-12-07
CON-5035,ACC-1104,Victor Johansson,CEO,C-Suite,victor.johansson@ironwoodgroup.com,22,7,2026-03-22
CON-5036,ACC-1144,Aisha Hassan,Head of Brand,Director,aisha.hassan@embersystems.com,1,4,2026-01-29
CON-5037,ACC-1043,Elena Singh,VP Growth,VP,elena.singh@solsticecloud.co,23,7,2026-03-15
CON-5038,ACC-1146,Daniel Walsh,Director of Demand Gen,Director,daniel.walsh@lumalabs.co,17,5,2025-10-01
CON-5039,ACC-1010,Elena Lindqvist,Founder,C-Suite,elena.lindqvist@questplatforms.co,17,3,
CON-5040,ACC-1026,Silas Mbeki,Director of Demand Gen,Director,silas.mbeki@riverbendlabs.io,7,4,
CON-5041,ACC-1008,Nadia Walsh,Director of Brand,Director,nadia.walsh@kestrelhealth.co,27,1,2026-03-13
CON-5042,ACC-1198,Darius Hassan,Director of Marketing,Director,darius.hassan@umbra.co,25,9,
CON-5043,ACC-1220,Noor Tanaka,Head of Growth,Director,noor.tanaka@embernetworks.io,13,2,
CON-5044,ACC-1200,Yuki Reyes,Director of Demand Gen,Director,yuki.reyes@quillgroup.io,1,9,2026-01-31
CON-5045,ACC-1152,Theo Dubois,Director of Brand,Director,theo.dubois@covalenttechnologies.ai,22,4,2026-02-03
CON-5046,ACC-1243,Cyrus Kapoor,CRO,C-Suite,cyrus.kapoor@vantagedigital.ai,21,1,2025-10-02
CON-5047,ACC-1201,Hiro Okonkwo,Head of Brand,Director,hiro.okonkwo@northwindanalytics.io,27,2,
CON-5048,ACC-1033,Jamal Nakamura,COO,C-Suite,jamal.nakamura@helixanalytics.ai,10,3,
CON-5049,ACC-1173,Leila Johansson,Head of Marketing,Director,leila.johansson@vantageai.ai,18,4,
CON-5050,ACC-1096,Nadia Patel,Head of Growth,Director,nadia.patel@solsticelabs.io,25,1,2025-10-03
CON-5051,ACC-1071,Noor Abadi,Founder,C-Suite,noor.abadi@juniperai.co,15,5,
CON-5052,ACC-1222,Elena Lindqvist,VP Marketing,VP,elena.lindqvist@questfinancial.io,23,7,
CON-5053,ACC-1178,Owen Patel,Director of Demand Gen,Director,owen.patel@kestrellogistics.com,17,6,2025-12-24
CON-5054,ACC-1211,Yuki Johansson,Head of Brand,Director,yuki.johansson@riverbendlogistics.com,10,4,2025-11-16
CON-5055,ACC-1033,Iris Johansson,Director of Demand Gen,Director,iris.johansson@helixanalytics.ai,10,0,2025-11-03
CON-5056,ACC-1200,Anya Singh,CMO,C-Suite,anya.singh@quillgroup.io,3,2,2026-04-12
CON-5057,ACC-1245,Hiro Reyes,COO,C-Suite,hiro.reyes@driftdigital.co,4,4,2025-08-17
CON-5058,ACC-1224,Chloe Patel,Head of Growth,Director,chloe.patel@lumahealth.ai,11,4,2025-10-24
CON-5059,ACC-1231,Amara Dubois,CMO,C-Suite,amara.dubois@axiomtechnologies.ai,12,4,
CON-5060,ACC-1193,Jamal Romano,Head of Growth,Director,jamal.romano@willowrunplatforms.io,2,1,2025-12-11
CON-5061,ACC-1019,Sofia Petrov,Director of Marketing,Director,sofia.petrov@latticetechnologies.co,16,7,2025-10-16
CON-5062,ACC-1087,Anya Ferreira,Head of Content,Director,anya.ferreira@umbranetworks.ai,13,2,2026-02-13
CON-5063,ACC-1098,Priya Lindqvist,Director of Demand Gen,Director,priya.lindqvist@garnetsystems.io,3,1,2025-08-30
CON-5064,ACC-1076,Sofia Jensen,Director of Demand Gen,Director,sofia.jensen@verdantlogistics.ai,26,2,
CON-5065,ACC-1173,Sofia Patel,Co-Founder,C-Suite,sofia.patel@vantageai.ai,18,0,
CON-5066,ACC-1042,Nadia Abadi,COO,C-Suite,nadia.abadi@valenceplatforms.co,6,2,
CON-5067,ACC-1157,Victor Singh,Head of Content,Director,victor.singh@beacontechnologies.ai,6,1,
CON-5068,ACC-1035,Elena Ferreira,VP Growth,VP,elena.ferreira@redshoregroup.com,23,6,2025-12-24
CON-5069,ACC-1080,Darius Nakamura,Director of Marketing,Director,darius.nakamura@parallaxsystems.co,8,1,2025-11-10
CON-5070,ACC-1153,Silas Tanaka,Head of Brand,Director,silas.tanaka@axiomhealth.io,24,0,
CON-5071,ACC-1168,Ravi Reyes,Co-Founder,C-Suite,ravi.reyes@plumesystems.co,19,8,2026-01-02
CON-5072,ACC-1075,Amara Okonkwo,Director of Demand Gen,Director,amara.okonkwo@opalhealth.ai,28,3,2026-03-15
CON-5073,ACC-1061,Felix Mbeki,VP Growth,VP,felix.mbeki@thornburytechnologies.com,2,8,
CON-5074,ACC-1003,Owen Bergman,Head of Marketing,Director,owen.bergman@garnetdigital.co,12,9,2025-11-24
CON-5075,ACC-1174,Ethan Johansson,Director of Demand Gen,Director,ethan.johansson@vantagenetworks.ai,2,0,
CON-5076,ACC-1003,Chloe Reyes,CMO,C-Suite,chloe.reyes@garnetdigital.co,1,6,2025-11-03
CON-5077,ACC-1182,Zara Romano,CEO,C-Suite,zara.romano@driftlogistics.ai,22,6,2025-11-26
CON-5078,ACC-1137,Kai Nakamura,Head of Brand,Director,kai.nakamura@thornburynetworks.ai,2,4,2025-08-20
CON-5079,ACC-1052,Darius Nakamura,Co-Founder,C-Suite,darius.nakamura@axiomanalytics.ai,10,6,
CON-5080,ACC-1195,Anya Mbeki,Head of Growth,Director,anya.mbeki@nimbusnetworks.co,20,1,2025-12-22
CON-5081,ACC-1186,Cyrus Hassan,CMO,C-Suite,cyrus.hassan@umbralabs.ai,7,1,
CON-5082,ACC-1029,Nadia Tanaka,VP Growth,VP,nadia.tanaka@latticeai.io,1,4,
CON-5083,ACC-1168,Silas Dubois,VP Marketing,VP,silas.dubois@plumesystems.co,0,2,
CON-5084,ACC-1041,Felix Abadi,Co-Founder,C-Suite,felix.abadi@valencetechnologies.co,16,4,2026-03-11
CON-5085,ACC-1191,Elena Walsh,COO,C-Suite,elena.walsh@thornbury.ai,28,1,
CON-5086,ACC-1007,Maya Romano,Head of Brand,Director,maya.romano@uplandlabs.io,16,1,2025-11-16
CON-5087,ACC-1160,Priya Johansson,Founder,C-Suite,priya.johansson@junipergroup.io,16,5,2025-09-05
CON-5088,ACC-1145,Ethan Abadi,Head of Marketing,Director,ethan.abadi@latticedigital.com,8,1,
CON-5089,ACC-1172,Silas Ferreira,Director of Marketing,Director,silas.ferreira@kiln.co,23,8,2025-09-05
CON-5090,ACC-1220,Aisha Hassan,CMO,C-Suite,aisha.hassan@embernetworks.io,15,5,2026-03-05
CON-5091,ACC-1045,Cyrus Okonkwo,Co-Founder,C-Suite,cyrus.okonkwo@latticegroup.co,25,6,2026-02-08
CON-5092,ACC-1106,Silas Bergman,Head of Brand,Director,silas.bergman@monarchai.ai,26,1,
CON-5093,ACC-1030,Zara Costa,CRO,C-Suite,zara.costa@verdantcloud.com,1,2,2025-12-01
CON-5094,ACC-1011,Leila Patel,CRO,C-Suite,leila.patel@thornburysystems.ai,14,4,
CON-5095,ACC-1079,Maya Patel,Co-Founder,C-Suite,maya.patel@silverleafhealth.io,14,0,2026-01-28
CON-5096,ACC-1144,Darius Kowalski,COO,C-Suite,darius.kowalski@embersystems.com,19,3,2025-11-12
CON-5097,ACC-1248,Felix Reyes,COO,C-Suite,felix.reyes@driftsystems.io,28,8,
CON-5098,ACC-1062,Sofia Chen,CRO,C-Suite,sofia.chen@valencedigital.com,13,0,2026-01-14
CON-5099,ACC-1162,Anya Varga,CRO,C-Suite,anya.varga@terracelabs.co,0,5,2025-10-26
CON-5100,ACC-1096,Cyrus Lindqvist,COO,C-Suite,cyrus.lindqvist@solsticelabs.io,9,1,2026-02-11
CON-5101,ACC-1107,Felix Okonkwo,Head of Marketing,Director,felix.okonkwo@emberlogistics.co,22,4,2025-08-20
CON-5102,ACC-1059,Cyrus Kapoor,CEO,C-Suite,cyrus.kapoor@plumetechnologies.ai,22,5,2025-10-03
CON-5103,ACC-1021,Iris Ferreira,Co-Founder,C-Suite,iris.ferreira@foxglove.ai,4,6,2025-11-18
CON-5104,ACC-1015,Hiro Costa,Head of Marketing,Director,hiro.costa@redshore.io,7,4,2026-01-22
CON-5105,ACC-1237,Darius Jensen,COO,C-Suite,darius.jensen@emberlabs.co,26,5,2026-02-02
CON-5106,ACC-1059,Priya Reyes,Head of Marketing,Director,priya.reyes@plumetechnologies.ai,24,9,2026-03-16
CON-5107,ACC-1042,Nadia Singh,Director of Brand,Director,nadia.singh@valenceplatforms.co,13,1,2025-09-27
CON-5108,ACC-1053,Nadia Kowalski,Founder,C-Suite,nadia.kowalski@driftnetworks.com,8,1,2025-09-18
CON-5109,ACC-1175,Ravi Varga,COO,C-Suite,ravi.varga@latticefinancial.com,19,0,2025-09-05
CON-5110,ACC-1083,Sofia Patel,COO,C-Suite,sofia.patel@helixfinancial.co,7,5,2026-03-31
CON-5111,ACC-1173,Ravi Walsh,Head of Content,Director,ravi.walsh@vantageai.ai,5,0,
CON-5112,ACC-1218,Nadia O'Brien,COO,C-Suite,nadia.obrien@indigodigital.io,17,3,2026-03-17
CON-5113,ACC-1205,Darius Nakamura,VP Marketing,VP,darius.nakamura@terracetechnologies.com,0,0,
CON-5114,ACC-1056,Sofia Reyes,Head of Content,Director,sofia.reyes@nimbus.co,12,5,
CON-5115,ACC-1240,Amara Patel,VP Growth,VP,amara.patel@quilltechnologies.ai,18,4,
CON-5116,ACC-1019,Aisha Patel,Director of Marketing,Director,aisha.patel@latticetechnologies.co,28,7,
CON-5117,ACC-1023,Cyrus Bergman,VP Marketing,VP,cyrus.bergman@monarchplatforms.ai,1,7,2025-08-19
CON-5118,ACC-1146,Hiro Lindqvist,CEO,C-Suite,hiro.lindqvist@lumalabs.co,15,0,2025-12-24
CON-5119,ACC-1044,Owen Reyes,CRO,C-Suite,owen.reyes@uplanddigital.ai,5,4,2025-08-29
CON-5120,ACC-1038,Marcus Tanaka,VP Growth,VP,marcus.tanaka@oaklineplatforms.co,19,3,
CON-5121,ACC-1127,Hiro O'Brien,Founder,C-Suite,hiro.obrien@pioneerplatforms.ai,1,1,2026-03-08
CON-5122,ACC-1107,Yuki Mbeki,CRO,C-Suite,yuki.mbeki@emberlogistics.co,25,8,2025-09-19
CON-5123,ACC-1139,Darius Chen,CEO,C-Suite,darius.chen@helix.com,25,5,2025-09-24
CON-5124,ACC-1124,Owen Petrov,Co-Founder,C-Suite,owen.petrov@beaconlabs.io,10,6,2026-04-06
CON-5125,ACC-1081,Kai Hassan,CMO,C-Suite,kai.hassan@latticeanalytics.ai,28,4,2025-12-13
CON-5126,ACC-1135,Owen Petrov,Director of Marketing,Director,owen.petrov@verdantsoftware.co,5,1,2026-02-10
CON-5127,ACC-1068,Theo Lindqvist,CMO,C-Suite,theo.lindqvist@helixhealth.com,24,3,
CON-5128,ACC-1204,Leila Abadi,CRO,C-Suite,leila.abadi@axiomai.ai,26,2,2025-11-12
CON-5129,ACC-1081,Darius Lindqvist,COO,C-Suite,darius.lindqvist@latticeanalytics.ai,11,9,2025-10-15
CON-5130,ACC-1090,Iris Petrov,Head of Marketing,Director,iris.petrov@latticesoftware.io,18,3,
CON-5131,ACC-1207,Felix O'Brien,Head of Brand,Director,felix.obrien@foxglovesystems.io,5,7,2026-03-29
CON-5132,ACC-1059,Kai Hassan,CMO,C-Suite,kai.hassan@plumetechnologies.ai,16,7,2025-08-21
CON-5133,ACC-1157,Yuki Nakamura,Director of Brand,Director,yuki.nakamura@beacontechnologies.ai,22,2,
CON-5134,ACC-1216,Cyrus Bergman,CMO,C-Suite,cyrus.bergman@driftlabs.io,0,2,
CON-5135,ACC-1234,Sofia Ferreira,Head of Content,Director,sofia.ferreira@northwindtechnologies.ai,16,5,
CON-5136,ACC-1095,Noor Costa,CEO,C-Suite,noor.costa@embergroup.com,18,1,2026-01-20
CON-5137,ACC-1034,Ethan Lindqvist,CEO,C-Suite,ethan.lindqvist@questanalytics.io,25,7,
CON-5138,ACC-1044,Noor O'Brien,COO,C-Suite,noor.obrien@uplanddigital.ai,28,9,
CON-5139,ACC-1057,Victor Petrov,Head of Content,Director,victor.petrov@silverleaflogistics.com,5,6,2025-10-18
CON-5140,ACC-1075,Sofia Dubois,COO,C-Suite,sofia.dubois@opalhealth.ai,0,9,2025-09-27
CON-5141,ACC-1247,Iris Okonkwo,Head of Marketing,Director,iris.okonkwo@drift.co,19,5,
CON-5142,ACC-1247,Kai Hassan,Head of Growth,Director,kai.hassan@drift.co,18,1,
CON-5143,ACC-1036,Maya Lindqvist,VP Marketing,VP,maya.lindqvist@flint.io,7,5,
CON-5144,ACC-1042,Amara Patel,Head of Content,Director,amara.patel@valenceplatforms.co,22,5,2026-02-04
CON-5145,ACC-1053,Jamal Varga,VP Marketing,VP,jamal.varga@driftnetworks.com,11,4,
CON-5146,ACC-1184,Aisha Okonkwo,CEO,C-Suite,aisha.okonkwo@beacon.com,14,6,
CON-5147,ACC-1226,Hiro Johansson,CRO,C-Suite,hiro.johansson@riverbendcloud.com,12,5,2026-03-18
CON-5148,ACC-1212,Felix Petrov,Head of Growth,Director,felix.petrov@plumeanalytics.io,24,3,2026-03-25
CON-5149,ACC-1204,Cyrus Okonkwo,Head of Brand,Director,cyrus.okonkwo@axiomai.ai,0,5,2026-03-17
CON-5150,ACC-1018,Maya Dubois,CRO,C-Suite,maya.dubois@opaltechnologies.io,12,2,
CON-5151,ACC-1140,Priya Bergman,VP Growth,VP,priya.bergman@plumegroup.io,19,7,
CON-5152,ACC-1110,Amara Dubois,VP Growth,VP,amara.dubois@harborlabs.io,28,6,2026-03-18
CON-5153,ACC-1084,Yuki Reyes,CEO,C-Suite,yuki.reyes@willowrungroup.com,22,8,
CON-5154,ACC-1186,Theo Walsh,Head of Growth,Director,theo.walsh@umbralabs.ai,9,4,2026-03-31
CON-5155,ACC-1100,Iris O'Brien,Head of Content,Director,iris.obrien@northwindfinancial.ai,15,2,2026-04-12
CON-5156,ACC-1109,Priya Kowalski,Head of Content,Director,priya.kowalski@thornburylogistics.ai,21,9,2026-03-19
CON-5157,ACC-1006,Yuki Dubois,Head of Growth,Director,yuki.dubois@quilllogistics.com,9,1,2026-03-14
CON-5158,ACC-1078,Darius Jensen,Founder,C-Suite,darius.jensen@riverbendnetworks.co,15,4,2025-11-24
CON-5159,ACC-1099,Ethan Abadi,CRO,C-Suite,ethan.abadi@solsticegroup.io,12,5,2026-04-01
CON-5160,ACC-1067,Nadia Singh,Head of Brand,Director,nadia.singh@oaklinelabs.io,7,4,
CON-5161,ACC-1038,Elena Varga,Head of Growth,Director,elena.varga@oaklineplatforms.co,3,1,
CON-5162,ACC-1206,Theo Romano,Director of Demand Gen,Director,theo.romano@umbracloud.io,18,3,
CON-5163,ACC-1215,Leila Kapoor,CEO,C-Suite,leila.kapoor@juniper.co,17,7,
CON-5164,ACC-1060,Felix Kowalski,VP Marketing,VP,felix.kowalski@verdantlabs.com,12,0,2025-08-25
CON-5165,ACC-1132,Darius Petrov,Head of Growth,Director,darius.petrov@valencehealth.co,19,2,2025-10-01
CON-5166,ACC-1114,Ethan Dubois,Director of Marketing,Director,ethan.dubois@pioneerlabs.io,25,3,2025-12-25
CON-5167,ACC-1020,Victor Romano,Director of Marketing,Director,victor.romano@flinttechnologies.com,26,2,
CON-5168,ACC-1066,Maya Lindqvist,CRO,C-Suite,maya.lindqvist@kilntechnologies.co,25,1,2025-11-21
CON-5169,ACC-1101,Theo Bergman,Head of Content,Director,theo.bergman@garnetsoftware.co,8,8,2025-09-01
CON-5170,ACC-1003,Darius Varga,VP Growth,VP,darius.varga@garnetdigital.co,18,8,
CON-5171,ACC-1028,Hiro Nakamura,Head of Marketing,Director,hiro.nakamura@verdantnetworks.co,18,9,
CON-5172,ACC-1246,Daniel Ferreira,VP Growth,VP,daniel.ferreira@nimbusplatforms.ai,24,1,
CON-5173,ACC-1222,Theo Abadi,CRO,C-Suite,theo.abadi@questfinancial.io,13,4,2025-12-09
CON-5174,ACC-1146,Kai Johansson,CMO,C-Suite,kai.johansson@lumalabs.co,5,4,2025-11-05
CON-5175,ACC-1155,Victor Varga,CEO,C-Suite,victor.varga@redshoreai.com,1,6,
CON-5176,ACC-1084,Noor Hassan,CMO,C-Suite,noor.hassan@willowrungroup.com,23,7,
CON-5177,ACC-1229,Owen Chen,Director of Brand,Director,owen.chen@beaconai.co,26,4,2025-09-09
CON-5178,ACC-1125,Cyrus Varga,Head of Growth,Director,cyrus.varga@garnetlogistics.com,3,3,2025-10-04
CON-5179,ACC-1113,Elena Bergman,Head of Brand,Director,elena.bergman@indigolabs.io,23,6,
CON-5180,ACC-1022,Yuki Singh,Director of Marketing,Director,yuki.singh@terracenetworks.io,26,6,
CON-5181,ACC-1194,Zara Abadi,Head of Content,Director,zara.abadi@parallaxsoftware.io,1,8,
CON-5182,ACC-1016,Ravi Varga,Co-Founder,C-Suite,ravi.varga@opalsystems.co,12,2,
CON-5183,ACC-1134,Iris Chen,Head of Marketing,Director,iris.chen@indigologistics.co,6,3,
CON-5184,ACC-1063,Marcus Singh,CMO,C-Suite,marcus.singh@indigosoftware.io,11,3,2025-09-14
CON-5185,ACC-1118,Zara Jensen,Head of Growth,Director,zara.jensen@parallaxnetworks.ai,3,0,2025-12-08
CON-5186,ACC-1152,Nadia Dubois,Head of Content,Director,nadia.dubois@covalenttechnologies.ai,15,9,
CON-5187,ACC-1088,Ethan Walsh,COO,C-Suite,ethan.walsh@opalplatforms.com,26,1,2026-01-04
CON-5188,ACC-1012,Ethan Petrov,Director of Demand Gen,Director,ethan.petrov@northwindgroup.com,6,3,
CON-5189,ACC-1173,Yuki Walsh,Head of Growth,Director,yuki.walsh@vantageai.ai,13,8,2025-09-25
CON-5190,ACC-1247,Elena Costa,CMO,C-Suite,elena.costa@drift.co,15,2,
CON-5191,ACC-1153,Darius Chen,Director of Marketing,Director,darius.chen@axiomhealth.io,8,9,
CON-5192,ACC-1078,Noor Varga,Head of Growth,Director,noor.varga@riverbendnetworks.co,8,6,
CON-5193,ACC-1218,Owen Singh,Head of Brand,Director,owen.singh@indigodigital.io,6,7,2025-11-30
CON-5194,ACC-1211,Kai Jensen,VP Growth,VP,kai.jensen@riverbendlogistics.com,3,0,2025-10-25
CON-5195,ACC-1247,Anya Abadi,Co-Founder,C-Suite,anya.abadi@drift.co,20,9,
CON-5196,ACC-1076,Victor Ferreira,Founder,C-Suite,victor.ferreira@verdantlogistics.ai,2,5,
CON-5197,ACC-1163,Maya Walsh,Head of Brand,Director,maya.walsh@kilndigital.co,20,4,2025-12-01
CON-5198,ACC-1195,Jamal Okonkwo,Director of Demand Gen,Director,jamal.okonkwo@nimbusnetworks.co,27,9,2026-01-21
CON-5199,ACC-1174,Sofia Lindqvist,CMO,C-Suite,sofia.lindqvist@vantagenetworks.ai,20,7,
CON-5200,ACC-1066,Hiro Jensen,CEO,C-Suite,hiro.jensen@kilntechnologies.co,23,0,
CON-5201,ACC-1146,Anya Reyes,Director of Brand,Director,anya.reyes@lumalabs.co,23,3,
CON-5202,ACC-1163,Darius Johansson,CRO,C-Suite,darius.johansson@kilndigital.co,21,5,2025-09-08
CON-5203,ACC-1043,Anya Costa,CRO,C-Suite,anya.costa@solsticecloud.co,17,2,2025-12-13
CON-5204,ACC-1032,Silas Walsh,COO,C-Suite,silas.walsh@cindergroup.ai,25,8,
CON-5205,ACC-1046,Victor Bergman,Head of Growth,Director,victor.bergman@redshorenetworks.com,2,3,2025-10-04
CON-5206,ACC-1223,Ravi Romano,Director of Demand Gen,Director,ravi.romano@meridianpeakdigital.ai,28,5,2025-11-14
CON-5207,ACC-1075,Nadia Ferreira,Founder,C-Suite,nadia.ferreira@opalhealth.ai,1,9,
CON-5208,ACC-1158,Priya Johansson,CRO,C-Suite,priya.johansson@kestrelgroup.ai,6,8,2025-10-20
CON-5209,ACC-1097,Zara Kowalski,CEO,C-Suite,zara.kowalski@foxglovenetworks.io,1,2,2026-02-20
CON-5210,ACC-1087,Hiro Petrov,CRO,C-Suite,hiro.petrov@umbranetworks.ai,14,2,2025-10-11
CON-5211,ACC-1046,Elena Patel,Founder,C-Suite,elena.patel@redshorenetworks.com,10,2,2026-03-29
CON-5212,ACC-1001,Nadia Walsh,Director of Marketing,Director,nadia.walsh@cindercloud.ai,24,2,
CON-5213,ACC-1040,Felix Patel,Head of Marketing,Director,felix.patel@garnetcloud.com,19,6,
CON-5214,ACC-1103,Hiro Johansson,CEO,C-Suite,hiro.johansson@kilnlogistics.co,0,0,2025-10-07
CON-5215,ACC-1095,Aisha Bergman,Director of Demand Gen,Director,aisha.bergman@embergroup.com,26,8,2025-10-21
CON-5216,ACC-1001,Amara Lindqvist,Director of Marketing,Director,amara.lindqvist@cindercloud.ai,7,5,2026-03-17
CON-5217,ACC-1098,Zara Petrov,Head of Brand,Director,zara.petrov@garnetsystems.io,5,1,
CON-5218,ACC-1076,Ravi Singh,COO,C-Suite,ravi.singh@verdantlogistics.ai,16,9,2025-12-22
CON-5219,ACC-1227,Victor Nakamura,Director of Brand,Director,victor.nakamura@verdantfinancial.com,28,7,2026-02-23
CON-5220,ACC-1042,Darius Jensen,CMO,C-Suite,darius.jensen@valenceplatforms.co,7,3,
CON-5221,ACC-1033,Yuki Lindqvist,CMO,C-Suite,yuki.lindqvist@helixanalytics.ai,18,8,2026-01-09
CON-5222,ACC-1182,Amara Okonkwo,CEO,C-Suite,amara.okonkwo@driftlogistics.ai,28,4,
CON-5223,ACC-1159,Marcus Tanaka,CMO,C-Suite,marcus.tanaka@foxglovehealth.co,21,1,
CON-5224,ACC-1005,Marcus Varga,VP Marketing,VP,marcus.varga@thornburycloud.co,13,7,2025-11-23
CON-5225,ACC-1064,Felix Varga,Head of Marketing,Director,felix.varga@junipernetworks.ai,6,0,2025-10-25
CON-5226,ACC-1025,Victor Kapoor,Head of Brand,Director,victor.kapoor@parallaxcloud.ai,19,9,
CON-5227,ACC-1107,Anya Ferreira,Co-Founder,C-Suite,anya.ferreira@emberlogistics.co,23,9,2026-03-14
CON-5228,ACC-1200,Daniel Johansson,Director of Marketing,Director,daniel.johansson@quillgroup.io,19,3,
CON-5229,ACC-1212,Zara Reyes,Director of Brand,Director,zara.reyes@plumeanalytics.io,22,6,2026-04-02
CON-5230,ACC-1140,Felix Reyes,COO,C-Suite,felix.reyes@plumegroup.io,15,5,2026-04-09
CON-5231,ACC-1171,Priya Ferreira,Head of Content,Director,priya.ferreira@vantageanalytics.co,18,7,2026-03-20
CON-5232,ACC-1199,Zara Patel,COO,C-Suite,zara.patel@terracefinancial.co,23,1,
CON-5233,ACC-1164,Jamal Singh,Head of Brand,Director,jamal.singh@foxglovelabs.co,8,7,2025-09-16
CON-5234,ACC-1044,Cyrus Okonkwo,Head of Content,Director,cyrus.okonkwo@uplanddigital.ai,9,5,
CON-5235,ACC-1080,Hiro Lindqvist,VP Marketing,VP,hiro.lindqvist@parallaxsystems.co,3,0,2026-03-08
CON-5236,ACC-1169,Amara Dubois,Director of Brand,Director,amara.dubois@kilnanalytics.ai,11,7,
CON-5237,ACC-1068,Silas Patel,Director of Brand,Director,silas.patel@helixhealth.com,26,5,2025-12-31
CON-5238,ACC-1102,Nadia Walsh,Head of Content,Director,nadia.walsh@beaconcloud.co,12,7,
CON-5239,ACC-1166,Darius Dubois,VP Marketing,VP,darius.dubois@emberdigital.io,4,0,
CON-5240,ACC-1216,Ethan Ferreira,CEO,C-Suite,ethan.ferreira@driftlabs.io,18,7,
CON-5241,ACC-1173,Nadia Dubois,VP Growth,VP,nadia.dubois@vantageai.ai,12,5,
CON-5242,ACC-1220,Victor Lindqvist,CRO,C-Suite,victor.lindqvist@embernetworks.io,4,7,
CON-5243,ACC-1028,Hiro Singh,CMO,C-Suite,hiro.singh@verdantnetworks.co,2,4,
CON-5244,ACC-1003,Noor Costa,Co-Founder,C-Suite,noor.costa@garnetdigital.co,24,9,
CON-5245,ACC-1057,Victor Bergman,Co-Founder,C-Suite,victor.bergman@silverleaflogistics.com,16,9,2025-10-25
CON-5246,ACC-1186,Jamal Johansson,Director of Brand,Director,jamal.johansson@umbralabs.ai,21,6,2025-09-13
CON-5247,ACC-1142,Kai Okonkwo,CMO,C-Suite,kai.okonkwo@driftplatforms.co,20,2,2025-12-13
CON-5248,ACC-1218,Felix Dubois,VP Marketing,VP,felix.dubois@indigodigital.io,24,7,2026-01-18
CON-5249,ACC-1248,Chloe Okonkwo,Co-Founder,C-Suite,chloe.okonkwo@driftsystems.io,7,8,
CON-5250,ACC-1103,Anya Hassan,VP Marketing,VP,anya.hassan@kilnlogistics.co,14,7,
CON-5251,ACC-1114,Priya Johansson,Founder,C-Suite,priya.johansson@pioneerlabs.io,10,1,
CON-5252,ACC-1190,Amara Chen,VP Marketing,VP,amara.chen@juniperlogistics.com,12,6,2025-11-23
CON-5253,ACC-1000,Anya Patel,Director of Demand Gen,Director,anya.patel@thornburylabs.com,19,9,
CON-5254,ACC-1227,Zara O'Brien,Director of Marketing,Director,zara.obrien@verdantfinancial.com,20,7,
CON-5255,ACC-1093,Anya Okonkwo,Head of Content,Director,anya.okonkwo@junipersoftware.ai,7,7,2025-09-28
CON-5256,ACC-1158,Kai Johansson,COO,C-Suite,kai.johansson@kestrelgroup.ai,21,5,
CON-5257,ACC-1029,Daniel Costa,Director of Marketing,Director,daniel.costa@latticeai.io,0,5,2025-11-01
CON-5258,ACC-1246,Darius Kowalski,Co-Founder,C-Suite,darius.kowalski@nimbusplatforms.ai,16,5,
CON-5259,ACC-1011,Ethan Johansson,Head of Marketing,Director,ethan.johansson@thornburysystems.ai,26,6,2025-11-07
CON-5260,ACC-1050,Yuki Ferreira,CRO,C-Suite,yuki.ferreira@thornburyai.ai,27,6,2025-09-13
CON-5261,ACC-1200,Yuki Varga,Director of Brand,Director,yuki.varga@quillgroup.io,3,6,2025-11-01
CON-5262,ACC-1214,Victor Petrov,VP Marketing,VP,victor.petrov@pioneercloud.com,24,7,2025-11-13
CON-5263,ACC-1244,Zara Nakamura,Founder,C-Suite,zara.nakamura@questgroup.ai,0,8,
CON-5264,ACC-1141,Hiro Petrov,Founder,C-Suite,hiro.petrov@cinderanalytics.io,16,2,
CON-5265,ACC-1044,Silas Nakamura,VP Marketing,VP,silas.nakamura@uplanddigital.ai,12,9,
CON-5266,ACC-1082,Zara Jensen,CEO,C-Suite,zara.jensen@cindertechnologies.com,19,3,2026-01-15
CON-5267,ACC-1248,Ravi Singh,Director of Demand Gen,Director,ravi.singh@driftsystems.io,4,2,2025-10-15
CON-5268,ACC-1226,Silas Kapoor,Head of Brand,Director,silas.kapoor@riverbendcloud.com,26,8,
CON-5269,ACC-1182,Silas O'Brien,Head of Growth,Director,silas.obrien@driftlogistics.ai,6,3,2025-10-12
CON-5270,ACC-1074,Victor Abadi,CRO,C-Suite,victor.abadi@vantageplatforms.ai,21,2,
CON-5271,ACC-1166,Ethan Kapoor,Co-Founder,C-Suite,ethan.kapoor@emberdigital.io,22,5,
CON-5272,ACC-1194,Owen O'Brien,Founder,C-Suite,owen.obrien@parallaxsoftware.io,18,9,
CON-5273,ACC-1181,Hiro Costa,COO,C-Suite,hiro.costa@opallabs.co,28,8,2025-09-08
CON-5274,ACC-1108,Darius Chen,Co-Founder,C-Suite,darius.chen@silverleafcloud.ai,3,0,2026-03-30
CON-5275,ACC-1171,Marcus Reyes,Head of Brand,Director,marcus.reyes@vantageanalytics.co,24,2,
CON-5276,ACC-1174,Chloe Nakamura,Head of Content,Director,chloe.nakamura@vantagenetworks.ai,1,4,2025-11-25
CON-5277,ACC-1008,Owen Singh,VP Marketing,VP,owen.singh@kestrelhealth.co,19,8,
CON-5278,ACC-1190,Amara O'Brien,CEO,C-Suite,amara.obrien@juniperlogistics.com,7,8,
CON-5279,ACC-1204,Noor Kowalski,COO,C-Suite,noor.kowalski@axiomai.ai,21,0,
CON-5280,ACC-1099,Hiro Costa,Director of Brand,Director,hiro.costa@solsticegroup.io,17,0,2026-02-07
CON-5281,ACC-1051,Kai Singh,Head of Content,Director,kai.singh@willowrunfinancial.com,7,5,
CON-5282,ACC-1139,Silas Tanaka,Director of Marketing,Director,silas.tanaka@helix.com,24,3,2026-02-26
CON-5283,ACC-1174,Priya Dubois,Head of Marketing,Director,priya.dubois@vantagenetworks.ai,23,8,2026-04-02
CON-5284,ACC-1109,Chloe O'Brien,Head of Brand,Director,chloe.obrien@thornburylogistics.ai,4,2,
CON-5285,ACC-1065,Aisha Bergman,Founder,C-Suite,aisha.bergman@redshorehealth.ai,22,2,2025-08-18
CON-5286,ACC-1082,Kai Okonkwo,Director of Demand Gen,Director,kai.okonkwo@cindertechnologies.com,20,9,
CON-5287,ACC-1077,Felix Petrov,Co-Founder,C-Suite,felix.petrov@pioneerai.com,11,1,
CON-5288,ACC-1081,Zara Hassan,Head of Marketing,Director,zara.hassan@latticeanalytics.ai,16,1,
CON-5289,ACC-1040,Hiro O'Brien,Co-Founder,C-Suite,hiro.obrien@garnetcloud.com,12,1,2025-08-29
CON-5290,ACC-1054,Victor Bergman,Director of Brand,Director,victor.bergman@garnetnetworks.com,11,4,2025-10-02
CON-5291,ACC-1158,Zara Johansson,Co-Founder,C-Suite,zara.johansson@kestrelgroup.ai,26,0,2026-01-14
CON-5292,ACC-1114,Jamal Mbeki,VP Growth,VP,jamal.mbeki@pioneerlabs.io,19,3,
CON-5293,ACC-1174,Maya Jensen,CRO,C-Suite,maya.jensen@vantagenetworks.ai,25,1,2025-11-25
CON-5294,ACC-1185,Ravi Chen,CRO,C-Suite,ravi.chen@ironwoodfinancial.co,16,5,2025-12-03
CON-5295,ACC-1114,Felix Okonkwo,Head of Brand,Director,felix.okonkwo@pioneerlabs.io,28,3,2026-03-22
CON-5296,ACC-1242,Daniel Dubois,Director of Demand Gen,Director,daniel.dubois@nortondigital.ai,17,8,2026-03-27
CON-5297,ACC-1053,Victor Mbeki,Director of Demand Gen,Director,victor.mbeki@driftnetworks.com,6,6,
CON-5298,ACC-1052,Theo Varga,CRO,C-Suite,theo.varga@axiomanalytics.ai,23,6,
CON-5299,ACC-1240,Priya Lindqvist,Head of Growth,Director,priya.lindqvist@quilltechnologies.ai,4,0,2026-01-18
CON-5300,ACC-1009,Priya Patel,CMO,C-Suite,priya.patel@emberfinancial.ai,5,4,
CON-5301,ACC-1147,Anya Hassan,CRO,C-Suite,anya.hassan@ironwoodcloud.ai,8,6,2025-11-02
CON-5302,ACC-1103,Hiro Bergman,CMO,C-Suite,hiro.bergman@kilnlogistics.co,12,1,2025-10-30
CON-5303,ACC-1184,Kai Patel,Director of Demand Gen,Director,kai.patel@beacon.com,23,9,2025-09-07
CON-5304,ACC-1018,Owen Kapoor,VP Marketing,VP,owen.kapoor@opaltechnologies.io,9,4,
CON-5305,ACC-1072,Elena Singh,CEO,C-Suite,elena.singh@ironwoodai.com,12,0,2025-11-27
CON-5306,ACC-1056,Sofia Lindqvist,CEO,C-Suite,sofia.lindqvist@nimbus.co,25,8,2025-11-01
CON-5307,ACC-1036,Ravi Costa,CRO,C-Suite,ravi.costa@flint.io,25,5,
CON-5308,ACC-1002,Theo O'Brien,Head of Marketing,Director,theo.obrien@uplandsoftware.ai,3,0,2025-11-11
CON-5309,ACC-1100,Theo O'Brien,VP Marketing,VP,theo.obrien@northwindfinancial.ai,9,3,
CON-5310,ACC-1231,Silas Abadi,Director of Marketing,Director,silas.abadi@axiomtechnologies.ai,13,8,2026-02-24
CON-5311,ACC-1056,Kai Walsh,Director of Marketing,Director,kai.walsh@nimbus.co,3,2,
CON-5312,ACC-1145,Cyrus Okonkwo,Head of Content,Director,cyrus.okonkwo@latticedigital.com,24,8,2025-11-23
CON-5313,ACC-1018,Ravi Costa,VP Marketing,VP,ravi.costa@opaltechnologies.io,8,1,2025-11-15
CON-5314,ACC-1124,Maya Abadi,Head of Marketing,Director,maya.abadi@beaconlabs.io,21,3,2025-11-05
CON-5315,ACC-1017,Yuki Bergman,Founder,C-Suite,yuki.bergman@valencegroup.co,14,5,
CON-5316,ACC-1078,Noor Petrov,Head of Marketing,Director,noor.petrov@riverbendnetworks.co,18,9,2026-01-22
CON-5317,ACC-1245,Hiro Dubois,CMO,C-Suite,hiro.dubois@driftdigital.co,10,3,
CON-5318,ACC-1182,Silas Mbeki,CEO,C-Suite,silas.mbeki@driftlogistics.ai,8,5,2025-10-07
CON-5319,ACC-1084,Felix Singh,Founder,C-Suite,felix.singh@willowrungroup.com,11,4,2026-03-16
CON-5320,ACC-1044,Amara Tanaka,VP Marketing,VP,amara.tanaka@uplanddigital.ai,26,4,
CON-5321,ACC-1035,Theo Reyes,Head of Brand,Director,theo.reyes@redshoregroup.com,23,1,
CON-5322,ACC-1228,Aisha Kapoor,Head of Growth,Director,aisha.kapoor@riverbendsoftware.io,0,9,
CON-5323,ACC-1196,Iris Reyes,CRO,C-Suite,iris.reyes@verdanttechnologies.co,1,8,2025-08-27
CON-5324,ACC-1138,Felix Mbeki,Director of Demand Gen,Director,felix.mbeki@lumanetworks.com,4,5,2025-08-27
CON-5325,ACC-1197,Iris Lindqvist,Head of Content,Director,iris.lindqvist@opalfinancial.co,9,2,2025-12-03
CON-5326,ACC-1023,Leila Abadi,Co-Founder,C-Suite,leila.abadi@monarchplatforms.ai,0,3,
CON-5327,ACC-1206,Kai Costa,Head of Marketing,Director,kai.costa@umbracloud.io,24,8,2026-03-03
CON-5328,ACC-1045,Iris Petrov,Head of Growth,Director,iris.petrov@latticegroup.co,27,2,
CON-5329,ACC-1123,Owen Okonkwo,Director of Marketing,Director,owen.okonkwo@axiomgroup.com,24,7,2026-02-04
CON-5330,ACC-1094,Jamal Okonkwo,Head of Growth,Director,jamal.okonkwo@foxgloveanalytics.ai,6,8,
CON-5331,ACC-1092,Leila Johansson,CRO,C-Suite,leila.johansson@willowrunlogistics.io,14,0,2025-10-28
CON-5332,ACC-1082,Daniel Varga,Co-Founder,C-Suite,daniel.varga@cindertechnologies.com,20,4,
CON-5333,ACC-1067,Iris O'Brien,VP Growth,VP,iris.obrien@oaklinelabs.io,5,6,
CON-5334,ACC-1093,Iris Mbeki,CRO,C-Suite,iris.mbeki@junipersoftware.ai,26,1,2026-01-06
CON-5335,ACC-1249,Jamal Kapoor,CEO,C-Suite,jamal.kapoor@silverleaftechnologies.ai,11,5,2025-12-10
CON-5336,ACC-1227,Kai Chen,Co-Founder,C-Suite,kai.chen@verdantfinancial.com,28,2,2026-02-13
CON-5337,ACC-1019,Zara Mbeki,Head of Brand,Director,zara.mbeki@latticetechnologies.co,6,2,2026-01-10
CON-5338,ACC-1154,Noor Ferreira,Head of Growth,Director,noor.ferreira@helixcloud.com,7,6,
CON-5339,ACC-1184,Daniel Johansson,Head of Growth,Director,daniel.johansson@beacon.com,15,7,2026-03-02
CON-5340,ACC-1165,Anya Romano,CMO,C-Suite,anya.romano@beaconnetworks.com,7,0,2025-11-12
CON-5341,ACC-1041,Sofia Mbeki,Co-Founder,C-Suite,sofia.mbeki@valencetechnologies.co,1,9,2026-03-01
CON-5342,ACC-1066,Ethan Kapoor,CEO,C-Suite,ethan.kapoor@kilntechnologies.co,19,9,
CON-5343,ACC-1224,Silas Lindqvist,Head of Growth,Director,silas.lindqvist@lumahealth.ai,26,4,
CON-5344,ACC-1055,Nadia Tanaka,Founder,C-Suite,nadia.tanaka@norton.ai,27,7,2025-09-12
CON-5345,ACC-1105,Kai Nakamura,Director of Demand Gen,Director,kai.nakamura@umbradigital.ai,18,2,
CON-5346,ACC-1130,Chloe Dubois,COO,C-Suite,chloe.dubois@questnetworks.co,21,5,
CON-5347,ACC-1152,Iris Patel,Director of Marketing,Director,iris.patel@covalenttechnologies.ai,12,6,2026-04-08
CON-5348,ACC-1051,Zara Kapoor,Head of Growth,Director,zara.kapoor@willowrunfinancial.com,13,2,
CON-5349,ACC-1045,Felix Tanaka,VP Growth,VP,felix.tanaka@latticegroup.co,1,8,2026-03-13
CON-5350,ACC-1023,Felix Costa,Head of Marketing,Director,felix.costa@monarchplatforms.ai,28,9,2026-04-12
CON-5351,ACC-1229,Elena Costa,Head of Growth,Director,elena.costa@beaconai.co,13,8,2025-09-01
CON-5352,ACC-1011,Noor Kapoor,CEO,C-Suite,noor.kapoor@thornburysystems.ai,7,7,
CON-5353,ACC-1097,Owen Petrov,Director of Demand Gen,Director,owen.petrov@foxglovenetworks.io,23,9,2026-03-09
CON-5354,ACC-1065,Felix Hassan,CRO,C-Suite,felix.hassan@redshorehealth.ai,27,1,2025-08-31
CON-5355,ACC-1139,Hiro Walsh,Director of Marketing,Director,hiro.walsh@helix.com,0,0,
CON-5356,ACC-1030,Zara Chen,CEO,C-Suite,zara.chen@verdantcloud.com,20,3,
CON-5357,ACC-1080,Hiro Abadi,VP Marketing,VP,hiro.abadi@parallaxsystems.co,4,6,
CON-5358,ACC-1064,Chloe O'Brien,CEO,C-Suite,chloe.obrien@junipernetworks.ai,18,5,
CON-5359,ACC-1174,Leila Reyes,CEO,C-Suite,leila.reyes@vantagenetworks.ai,17,8,2026-01-08
CON-5360,ACC-1143,Theo Johansson,Head of Brand,Director,theo.johansson@umbraai.io,9,9,2025-10-14
CON-5361,ACC-1101,Silas Nakamura,Head of Content,Director,silas.nakamura@garnetsoftware.co,27,1,
CON-5362,ACC-1114,Darius Varga,Head of Marketing,Director,darius.varga@pioneerlabs.io,3,3,2025-09-23
CON-5363,ACC-1086,Darius O'Brien,VP Growth,VP,darius.obrien@valencelogistics.ai,22,0,2025-11-01
CON-5364,ACC-1001,Darius Patel,Head of Content,Director,darius.patel@cindercloud.ai,4,7,
CON-5365,ACC-1111,Priya Patel,Head of Brand,Director,priya.patel@lumafinancial.ai,7,5,2026-04-03
CON-5366,ACC-1185,Leila Jensen,VP Growth,VP,leila.jensen@ironwoodfinancial.co,20,8,2025-11-11
CON-5367,ACC-1014,Elena Dubois,Head of Growth,Director,elena.dubois@nortonhealth.com,15,7,2025-09-07
CON-5368,ACC-1168,Darius Kapoor,Head of Brand,Director,darius.kapoor@plumesystems.co,6,0,
CON-5369,ACC-1130,Zara Varga,Director of Marketing,Director,zara.varga@questnetworks.co,19,2,
CON-5370,ACC-1092,Jamal Mbeki,CMO,C-Suite,jamal.mbeki@willowrunlogistics.io,5,1,
CON-5371,ACC-1199,Leila Abadi,Head of Growth,Director,leila.abadi@terracefinancial.co,12,6,
CON-5372,ACC-1132,Aisha Lindqvist,COO,C-Suite,aisha.lindqvist@valencehealth.co,2,1,2025-10-09
CON-5373,ACC-1212,Theo Petrov,Director of Brand,Director,theo.petrov@plumeanalytics.io,11,4,2026-02-22
CON-5374,ACC-1116,Leila Petrov,CMO,C-Suite,leila.petrov@questdigital.com,8,2,2026-03-16
CON-5375,ACC-1143,Priya Kapoor,Head of Brand,Director,priya.kapoor@umbraai.io,10,1,
CON-5376,ACC-1244,Chloe O'Brien,Head of Content,Director,chloe.obrien@questgroup.ai,25,9,2025-12-20
CON-5377,ACC-1247,Leila Petrov,Founder,C-Suite,leila.petrov@drift.co,24,3,
CON-5378,ACC-1246,Elena Singh,Head of Growth,Director,elena.singh@nimbusplatforms.ai,14,9,
CON-5379,ACC-1123,Daniel Walsh,VP Marketing,VP,daniel.walsh@axiomgroup.com,12,3,
CON-5380,ACC-1058,Darius Bergman,CEO,C-Suite,darius.bergman@upland.com,11,8,2025-10-15
CON-5381,ACC-1213,Chloe Hassan,Head of Brand,Director,chloe.hassan@flintnetworks.com,2,6,
CON-5382,ACC-1210,Maya Patel,Co-Founder,C-Suite,maya.patel@riverbenddigital.ai,5,7,2026-02-16
CON-5383,ACC-1228,Iris Walsh,Head of Marketing,Director,iris.walsh@riverbendsoftware.io,23,3,2026-02-20
CON-5384,ACC-1060,Silas Hassan,Head of Content,Director,silas.hassan@verdantlabs.com,8,3,2025-09-11
CON-5385,ACC-1063,Anya Tanaka,Director of Brand,Director,anya.tanaka@indigosoftware.io,4,1,2026-03-23
CON-5386,ACC-1173,Victor Johansson,VP Growth,VP,victor.johansson@vantageai.ai,0,8,
CON-5387,ACC-1217,Felix Abadi,VP Growth,VP,felix.abadi@northwindhealth.com,10,7,
CON-5388,ACC-1225,Iris Walsh,Founder,C-Suite,iris.walsh@pioneerdigital.com,5,8,2026-02-15
CON-5389,ACC-1192,Iris Nakamura,CMO,C-Suite,iris.nakamura@solsticehealth.ai,16,6,2025-11-25
CON-5390,ACC-1008,Zara Abadi,CEO,C-Suite,zara.abadi@kestrelhealth.co,27,2,2026-03-13
CON-5391,ACC-1178,Zara Singh,Director of Brand,Director,zara.singh@kestrellogistics.com,22,0,2026-02-18
CON-5392,ACC-1097,Iris Ferreira,Director of Brand,Director,iris.ferreira@foxglovenetworks.io,11,9,
CON-5393,ACC-1047,Theo Walsh,Director of Marketing,Director,theo.walsh@lumagroup.com,8,7,
CON-5394,ACC-1087,Owen Dubois,Founder,C-Suite,owen.dubois@umbranetworks.ai,13,3,2025-10-02
CON-5395,ACC-1095,Owen Jensen,Head of Brand,Director,owen.jensen@embergroup.com,14,2,
CON-5396,ACC-1147,Victor Hassan,Head of Content,Director,victor.hassan@ironwoodcloud.ai,3,4,
CON-5397,ACC-1142,Hiro Jensen,Director of Marketing,Director,hiro.jensen@driftplatforms.co,4,2,2026-04-10
CON-5398,ACC-1045,Hiro Johansson,Head of Marketing,Director,hiro.johansson@latticegroup.co,28,8,2026-01-22
CON-5399,ACC-1201,Felix Kowalski,Head of Brand,Director,felix.kowalski@northwindanalytics.io,17,9,2026-03-18
CON-5400,ACC-1176,Ethan Okonkwo,Director of Marketing,Director,ethan.okonkwo@quilldigital.co,26,4,2025-11-02
CON-5401,ACC-1024,Nadia Lindqvist,Director of Brand,Director,nadia.lindqvist@umbraplatforms.ai,8,5,2025-11-21
CON-5402,ACC-1238,Darius Walsh,Director of Brand,Director,darius.walsh@uplandlogistics.com,0,6,2025-09-02
CON-5403,ACC-1173,Kai Reyes,VP Growth,VP,kai.reyes@vantageai.ai,18,8,2025-09-25
CON-5404,ACC-1072,Owen Bergman,Head of Growth,Director,owen.bergman@ironwoodai.com,16,7,
CON-5405,ACC-1114,Priya Jensen,VP Growth,VP,priya.jensen@pioneerlabs.io,9,7,
CON-5406,ACC-1037,Cyrus Dubois,Head of Growth,Director,cyrus.dubois@junipertechnologies.io,25,5,2025-11-07
CON-5407,ACC-1146,Leila Patel,VP Marketing,VP,leila.patel@lumalabs.co,5,5,2026-01-21
CON-5408,ACC-1167,Ravi Varga,Head of Brand,Director,ravi.varga@covalentdigital.ai,19,6,2025-12-20
CON-5409,ACC-1199,Cyrus Abadi,COO,C-Suite,cyrus.abadi@terracefinancial.co,18,8,
CON-5410,ACC-1105,Ethan Dubois,Head of Content,Director,ethan.dubois@umbradigital.ai,0,2,
CON-5411,ACC-1169,Chloe Lindqvist,COO,C-Suite,chloe.lindqvist@kilnanalytics.ai,23,1,2026-01-01
CON-5412,ACC-1026,Daniel Patel,CRO,C-Suite,daniel.patel@riverbendlabs.io,28,7,2026-04-06
CON-5413,ACC-1197,Leila Kapoor,Director of Demand Gen,Director,leila.kapoor@opalfinancial.co,2,1,2026-03-04
CON-5414,ACC-1021,Amara Jensen,Head of Brand,Director,amara.jensen@foxglove.ai,7,3,
CON-5415,ACC-1113,Amara Nakamura,Head of Marketing,Director,amara.nakamura@indigolabs.io,16,2,2025-10-25
CON-5416,ACC-1091,Cyrus Bergman,Head of Content,Director,cyrus.bergman@questcloud.ai,15,7,
CON-5417,ACC-1138,Chloe O'Brien,Founder,C-Suite,chloe.obrien@lumanetworks.com,4,8,2025-11-11
CON-5418,ACC-1116,Amara Lindqvist,Head of Growth,Director,amara.lindqvist@questdigital.com,28,9,2025-10-31
CON-5419,ACC-1163,Theo Kowalski,CRO,C-Suite,theo.kowalski@kilndigital.co,11,7,2025-09-18
CON-5420,ACC-1022,Nadia Kowalski,Director of Brand,Director,nadia.kowalski@terracenetworks.io,13,4,2026-04-10
CON-5421,ACC-1000,Zara Nakamura,Director of Brand,Director,zara.nakamura@thornburylabs.com,9,7,2025-10-18
CON-5422,ACC-1236,Felix Johansson,Head of Brand,Director,felix.johansson@foxglovefinancial.com,0,6,
CON-5423,ACC-1152,Jamal Chen,Co-Founder,C-Suite,jamal.chen@covalenttechnologies.ai,11,3,2025-11-20
CON-5424,ACC-1111,Leila Hassan,Head of Marketing,Director,leila.hassan@lumafinancial.ai,22,6,
CON-5425,ACC-1056,Chloe Patel,CEO,C-Suite,chloe.patel@nimbus.co,20,3,2025-09-20
CON-5426,ACC-1232,Kai Varga,Head of Growth,Director,kai.varga@kilnnetworks.io,8,4,
CON-5427,ACC-1136,Darius Walsh,CEO,C-Suite,darius.walsh@beacondigital.io,6,1,2026-01-28
CON-5428,ACC-1028,Amara Singh,VP Growth,VP,amara.singh@verdantnetworks.co,14,4,
CON-5429,ACC-1125,Yuki Bergman,CMO,C-Suite,yuki.bergman@garnetlogistics.com,4,0,
CON-5430,ACC-1005,Ethan Ferreira,Head of Brand,Director,ethan.ferreira@thornburycloud.co,8,2,
CON-5431,ACC-1186,Aisha Hassan,VP Marketing,VP,aisha.hassan@umbralabs.ai,4,0,2026-01-15
CON-5432,ACC-1107,Ravi Johansson,Director of Brand,Director,ravi.johansson@emberlogistics.co,14,0,2025-09-09
CON-5433,ACC-1192,Sofia Okonkwo,Head of Brand,Director,sofia.okonkwo@solsticehealth.ai,24,6,2025-12-13
CON-5434,ACC-1046,Yuki Walsh,Head of Content,Director,yuki.walsh@redshorenetworks.com,12,0,2025-09-28
CON-5435,ACC-1182,Jamal Jensen,Director of Demand Gen,Director,jamal.jensen@driftlogistics.ai,14,3,
CON-5436,ACC-1008,Yuki Singh,COO,C-Suite,yuki.singh@kestrelhealth.co,24,1,2026-02-18
CON-5437,ACC-1121,Leila Costa,Head of Brand,Director,leila.costa@emberplatforms.com,10,2,
CON-5438,ACC-1010,Silas O'Brien,Co-Founder,C-Suite,silas.obrien@questplatforms.co,3,4,2026-01-26
CON-5439,ACC-1050,Owen Okonkwo,Head of Content,Director,owen.okonkwo@thornburyai.ai,21,3,
CON-5440,ACC-1060,Amara Romano,Director of Brand,Director,amara.romano@verdantlabs.com,0,2,
CON-5441,ACC-1149,Daniel Jensen,Director of Demand Gen,Director,daniel.jensen@oaklinedigital.ai,7,0,
CON-5442,ACC-1148,Darius Varga,Founder,C-Suite,darius.varga@flintdigital.io,22,9,2025-09-27
CON-5443,ACC-1022,Jamal Dubois,Founder,C-Suite,jamal.dubois@terracenetworks.io,2,9,2025-09-30
CON-5444,ACC-1160,Marcus Okonkwo,Director of Brand,Director,marcus.okonkwo@junipergroup.io,20,2,
CON-5445,ACC-1202,Daniel Nakamura,Founder,C-Suite,daniel.nakamura@parallaxfinancial.com,7,5,
CON-5446,ACC-1201,Amara Abadi,Director of Demand Gen,Director,amara.abadi@northwindanalytics.io,28,7,
CON-5447,ACC-1005,Noor Jensen,Director of Brand,Director,noor.jensen@thornburycloud.co,23,2,2026-04-02
CON-5448,ACC-1124,Noor Singh,Co-Founder,C-Suite,noor.singh@beaconlabs.io,9,8,
CON-5449,ACC-1048,Iris Dubois,Co-Founder,C-Suite,iris.dubois@harbornetworks.io,11,5,
CON-5450,ACC-1070,Cyrus Tanaka,CRO,C-Suite,cyrus.tanaka@harborsoftware.io,27,8,2025-11-28
CON-5451,ACC-1039,Nadia Kowalski,Head of Content,Director,nadia.kowalski@axiom.com,8,8,2026-04-12
CON-5452,ACC-1198,Amara Kapoor,CEO,C-Suite,amara.kapoor@umbra.co,23,2,
CON-5453,ACC-1158,Cyrus Abadi,Director of Demand Gen,Director,cyrus.abadi@kestrelgroup.ai,19,3,2026-03-27
CON-5454,ACC-1168,Theo Jensen,Director of Marketing,Director,theo.jensen@plumesystems.co,16,7,
CON-5455,ACC-1039,Kai Kowalski,Director of Brand,Director,kai.kowalski@axiom.com,13,5,2025-11-30
CON-5456,ACC-1168,Priya Okonkwo,Head of Content,Director,priya.okonkwo@plumesystems.co,4,2,
CON-5457,ACC-1051,Daniel Johansson,Director of Marketing,Director,daniel.johansson@willowrunfinancial.com,3,0,
CON-5458,ACC-1214,Leila Costa,Founder,C-Suite,leila.costa@pioneercloud.com,16,9,
CON-5459,ACC-1065,Marcus Abadi,Director of Marketing,Director,marcus.abadi@redshorehealth.ai,19,1,2025-08-20
CON-5460,ACC-1053,Amara Johansson,CRO,C-Suite,amara.johansson@driftnetworks.com,28,1,2025-10-31
CON-5461,ACC-1015,Owen O'Brien,COO,C-Suite,owen.obrien@redshore.io,28,6,
CON-5462,ACC-1203,Noor Okonkwo,Head of Content,Director,noor.okonkwo@flintfinancial.io,19,4,2025-10-07
CON-5463,ACC-1018,Anya Kowalski,VP Marketing,VP,anya.kowalski@opaltechnologies.io,6,8,2025-10-09
CON-5464,ACC-1059,Theo Jensen,Director of Marketing,Director,theo.jensen@plumetechnologies.ai,6,8,
CON-5465,ACC-1145,Amara Dubois,Co-Founder,C-Suite,amara.dubois@latticedigital.com,23,8,2026-03-16
CON-5466,ACC-1196,Amara Petrov,Director of Brand,Director,amara.petrov@verdanttechnologies.co,21,7,
CON-5467,ACC-1109,Daniel Dubois,Director of Demand Gen,Director,daniel.dubois@thornburylogistics.ai,5,8,2026-01-16
CON-5468,ACC-1168,Ethan O'Brien,VP Growth,VP,ethan.obrien@plumesystems.co,14,5,
CON-5469,ACC-1140,Maya Abadi,CEO,C-Suite,maya.abadi@plumegroup.io,24,6,
CON-5470,ACC-1082,Kai Hassan,VP Growth,VP,kai.hassan@cindertechnologies.com,17,3,2025-11-23
CON-5471,ACC-1237,Silas Walsh,Director of Brand,Director,silas.walsh@emberlabs.co,14,7,
CON-5472,ACC-1000,Silas Okonkwo,Head of Brand,Director,silas.okonkwo@thornburylabs.com,19,0,2025-08-28
CON-5473,ACC-1077,Aisha Kowalski,Director of Marketing,Director,aisha.kowalski@pioneerai.com,6,5,2025-09-14
CON-5474,ACC-1241,Noor Walsh,CRO,C-Suite,noor.walsh@brightlanetechnologies.io,17,8,
CON-5475,ACC-1237,Iris Nakamura,VP Marketing,VP,iris.nakamura@emberlabs.co,1,7,2026-03-08
CON-5476,ACC-1067,Owen Petrov,Director of Marketing,Director,owen.petrov@oaklinelabs.io,7,4,
CON-5477,ACC-1023,Iris Jensen,VP Growth,VP,iris.jensen@monarchplatforms.ai,6,1,
CON-5478,ACC-1202,Felix Dubois,Founder,C-Suite,felix.dubois@parallaxfinancial.com,26,9,
CON-5479,ACC-1024,Kai Mbeki,Head of Brand,Director,kai.mbeki@umbraplatforms.ai,1,9,2025-09-25
CON-5480,ACC-1014,Elena Bergman,Director of Brand,Director,elena.bergman@nortonhealth.com,28,6,2025-09-02
CON-5481,ACC-1030,Cyrus Hassan,COO,C-Suite,cyrus.hassan@verdantcloud.com,20,9,
CON-5482,ACC-1162,Elena Mbeki,CEO,C-Suite,elena.mbeki@terracelabs.co,1,4,2026-01-21
CON-5483,ACC-1138,Iris Nakamura,Director of Brand,Director,iris.nakamura@lumanetworks.com,16,3,2025-10-22
CON-5484,ACC-1187,Leila Singh,Director of Demand Gen,Director,leila.singh@covalenthealth.co,19,9,2026-02-15
CON-5485,ACC-1110,Ravi Jensen,Head of Marketing,Director,ravi.jensen@harborlabs.io,4,5,2025-11-17
CON-5486,ACC-1190,Marcus O'Brien,CEO,C-Suite,marcus.obrien@juniperlogistics.com,8,1,2025-12-22
CON-5487,ACC-1198,Noor Nakamura,Director of Demand Gen,Director,noor.nakamura@umbra.co,4,7,
CON-5488,ACC-1124,Leila Mbeki,VP Growth,VP,leila.mbeki@beaconlabs.io,6,8,
CON-5489,ACC-1188,Zara Hassan,Director of Marketing,Director,zara.hassan@kestrelsystems.co,2,4,
CON-5490,ACC-1082,Victor Petrov,VP Marketing,VP,victor.petrov@cindertechnologies.com,3,6,2026-01-13
CON-5491,ACC-1048,Maya Abadi,VP Growth,VP,maya.abadi@harbornetworks.io,20,0,
CON-5492,ACC-1043,Owen Tanaka,Head of Content,Director,owen.tanaka@solsticecloud.co,25,7,
CON-5493,ACC-1112,Marcus Hassan,Director of Marketing,Director,marcus.hassan@pioneernetworks.ai,21,5,2025-10-08
CON-5494,ACC-1218,Priya Ferreira,COO,C-Suite,priya.ferreira@indigodigital.io,1,3,
CON-5495,ACC-1237,Sofia Kowalski,CMO,C-Suite,sofia.kowalski@emberlabs.co,10,1,2025-12-13
CON-5496,ACC-1005,Maya Reyes,COO,C-Suite,maya.reyes@thornburycloud.co,17,3,2025-11-30
CON-5497,ACC-1192,Chloe O'Brien,Founder,C-Suite,chloe.obrien@solsticehealth.ai,19,2,
CON-5498,ACC-1171,Aisha Jensen,VP Growth,VP,aisha.jensen@vantageanalytics.co,28,8,2026-02-28
CON-5499,ACC-1015,Ravi Reyes,Director of Demand Gen,Director,ravi.reyes@redshore.io,22,9,2025-12-14
CON-5500,ACC-1167,Aisha Patel,CEO,C-Suite,aisha.patel@covalentdigital.ai,21,4,
CON-5501,ACC-1233,Victor Abadi,Head of Content,Director,victor.abadi@meridianpeak.com,3,0,2025-08-29
CON-5502,ACC-1166,Leila Hassan,CEO,C-Suite,leila.hassan@emberdigital.io,16,1,
CON-5503,ACC-1124,Cyrus Tanaka,Co-Founder,C-Suite,cyrus.tanaka@beaconlabs.io,2,2,2025-12-16
CON-5504,ACC-1143,Noor Chen,CMO,C-Suite,noor.chen@umbraai.io,7,8,2025-12-08
CON-5505,ACC-1100,Silas Dubois,CMO,C-Suite,silas.dubois@northwindfinancial.ai,11,5,2026-01-25
CON-5506,ACC-1060,Zara Walsh,Director of Demand Gen,Director,zara.walsh@verdantlabs.com,1,4,
CON-5507,ACC-1227,Anya Chen,Co-Founder,C-Suite,anya.chen@verdantfinancial.com,8,3,2025-08-26
CON-5508,ACC-1100,Victor Nakamura,VP Marketing,VP,victor.nakamura@northwindfinancial.ai,23,6,2025-10-21
CON-5509,ACC-1156,Cyrus Mbeki,Head of Growth,Director,cyrus.mbeki@riverbendanalytics.com,7,6,2026-03-04
CON-5510,ACC-1109,Ravi Tanaka,Director of Brand,Director,ravi.tanaka@thornburylogistics.ai,14,8,2025-10-27
CON-5511,ACC-1035,Iris O'Brien,Head of Growth,Director,iris.obrien@redshoregroup.com,25,3,
CON-5512,ACC-1079,Noor Varga,CRO,C-Suite,noor.varga@silverleafhealth.io,16,2,2025-08-23
CON-5513,ACC-1249,Elena Nakamura,Head of Growth,Director,elena.nakamura@silverleaftechnologies.ai,18,2,2025-11-21
CON-5514,ACC-1136,Silas Ferreira,Head of Marketing,Director,silas.ferreira@beacondigital.io,10,2,
CON-5515,ACC-1195,Maya Romano,CEO,C-Suite,maya.romano@nimbusnetworks.co,9,7,
CON-5516,ACC-1210,Amara Lindqvist,Head of Brand,Director,amara.lindqvist@riverbenddigital.ai,4,3,2026-02-24
CON-5517,ACC-1006,Elena Tanaka,VP Growth,VP,elena.tanaka@quilllogistics.com,8,9,
CON-5518,ACC-1059,Kai Hassan,Director of Marketing,Director,kai.hassan@plumetechnologies.ai,21,0,2025-10-18
CON-5519,ACC-1199,Felix Nakamura,Co-Founder,C-Suite,felix.nakamura@terracefinancial.co,27,9,2025-10-28
CON-5520,ACC-1095,Ethan Jensen,Founder,C-Suite,ethan.jensen@embergroup.com,15,2,2026-02-14
CON-5521,ACC-1008,Hiro Chen,CRO,C-Suite,hiro.chen@kestrelhealth.co,8,6,2025-10-23
CON-5522,ACC-1051,Elena Reyes,VP Marketing,VP,elena.reyes@willowrunfinancial.com,5,7,
CON-5523,ACC-1125,Noor Bergman,Head of Content,Director,noor.bergman@garnetlogistics.com,14,3,2025-09-26
CON-5524,ACC-1010,Kai Lindqvist,Head of Content,Director,kai.lindqvist@questplatforms.co,12,5,2025-10-04
CON-5525,ACC-1146,Kai O'Brien,Co-Founder,C-Suite,kai.obrien@lumalabs.co,20,0,2025-12-18
CON-5526,ACC-1116,Anya Okonkwo,CRO,C-Suite,anya.okonkwo@questdigital.com,7,8,2025-10-06
CON-5527,ACC-1010,Theo Jensen,Co-Founder,C-Suite,theo.jensen@questplatforms.co,24,0,2025-12-21
CON-5528,ACC-1101,Ravi Kowalski,Founder,C-Suite,ravi.kowalski@garnetsoftware.co,5,6,2025-08-20
CON-5529,ACC-1013,Noor Kapoor,CRO,C-Suite,noor.kapoor@silverleafanalytics.io,4,7,
CON-5530,ACC-1115,Priya Lindqvist,Co-Founder,C-Suite,priya.lindqvist@ironwoodanalytics.co,3,2,
CON-5531,ACC-1240,Noor O'Brien,Head of Marketing,Director,noor.obrien@quilltechnologies.ai,12,6,2026-04-06
CON-5532,ACC-1045,Nadia Petrov,CRO,C-Suite,nadia.petrov@latticegroup.co,22,3,
CON-5533,ACC-1023,Chloe Bergman,COO,C-Suite,chloe.bergman@monarchplatforms.ai,20,2,
CON-5534,ACC-1031,Priya Ferreira,COO,C-Suite,priya.ferreira@terraceai.io,14,5,2025-10-13
CON-5535,ACC-1098,Silas Kapoor,VP Growth,VP,silas.kapoor@garnetsystems.io,5,6,
CON-5536,ACC-1011,Elena Dubois,CRO,C-Suite,elena.dubois@thornburysystems.ai,10,9,
CON-5537,ACC-1220,Sofia Dubois,Head of Content,Director,sofia.dubois@embernetworks.io,4,2,
CON-5538,ACC-1013,Hiro Kowalski,Head of Brand,Director,hiro.kowalski@silverleafanalytics.io,23,7,2026-02-25
CON-5539,ACC-1030,Sofia Reyes,CMO,C-Suite,sofia.reyes@verdantcloud.com,19,4,2025-12-06
CON-5540,ACC-1218,Felix O'Brien,Director of Demand Gen,Director,felix.obrien@indigodigital.io,0,9,
CON-5541,ACC-1060,Yuki Petrov,Head of Growth,Director,yuki.petrov@verdantlabs.com,15,7,2026-03-23
CON-5542,ACC-1153,Kai Chen,Director of Marketing,Director,kai.chen@axiomhealth.io,28,8,2025-11-03
CON-5543,ACC-1142,Anya Reyes,CMO,C-Suite,anya.reyes@driftplatforms.co,5,2,2026-01-13
CON-5544,ACC-1009,Sofia Okonkwo,Head of Growth,Director,sofia.okonkwo@emberfinancial.ai,18,9,2025-08-20
CON-5545,ACC-1022,Marcus Ferreira,CEO,C-Suite,marcus.ferreira@terracenetworks.io,5,2,
CON-5546,ACC-1156,Victor Varga,COO,C-Suite,victor.varga@riverbendanalytics.com,19,9,
CON-5547,ACC-1045,Nadia Lindqvist,VP Growth,VP,nadia.lindqvist@latticegroup.co,11,0,2026-01-26
CON-5548,ACC-1082,Owen Jensen,Head of Content,Director,owen.jensen@cindertechnologies.com,2,6,
CON-5549,ACC-1016,Ravi Johansson,Head of Marketing,Director,ravi.johansson@opalsystems.co,3,4,2025-12-28
CON-5550,ACC-1134,Yuki Varga,Director of Marketing,Director,yuki.varga@indigologistics.co,19,0,2025-10-08
CON-5551,ACC-1161,Zara Patel,Founder,C-Suite,zara.patel@kestreldigital.co,23,9,
CON-5552,ACC-1180,Ravi Romano,VP Growth,VP,ravi.romano@helixplatforms.ai,27,5,2025-11-16
CON-5553,ACC-1159,Owen Nakamura,VP Growth,VP,owen.nakamura@foxglovehealth.co,18,7,2025-11-02
CON-5554,ACC-1127,Felix Dubois,CRO,C-Suite,felix.dubois@pioneerplatforms.ai,19,3,
CON-5555,ACC-1049,Aisha Ferreira,CMO,C-Suite,aisha.ferreira@solsticelogistics.ai,14,1,
CON-5556,ACC-1053,Darius Tanaka,CEO,C-Suite,darius.tanaka@driftnetworks.com,13,0,2025-11-20
CON-5557,ACC-1206,Amara Reyes,CMO,C-Suite,amara.reyes@umbracloud.io,20,3,
CON-5558,ACC-1065,Darius Patel,Head of Brand,Director,darius.patel@redshorehealth.ai,9,8,2025-09-28
CON-5559,ACC-1001,Daniel Costa,Director of Brand,Director,daniel.costa@cindercloud.ai,10,6,
CON-5560,ACC-1157,Aisha Dubois,Director of Marketing,Director,aisha.dubois@beacontechnologies.ai,10,5,
CON-5561,ACC-1122,Felix Okonkwo,Head of Growth,Director,felix.okonkwo@vantagelabs.com,4,7,2025-12-16
CON-5562,ACC-1228,Cyrus O'Brien,CRO,C-Suite,cyrus.obrien@riverbendsoftware.io,10,7,
CON-5563,ACC-1105,Silas Okonkwo,Head of Content,Director,silas.okonkwo@umbradigital.ai,16,4,
CON-5564,ACC-1173,Maya O'Brien,Co-Founder,C-Suite,maya.obrien@vantageai.ai,0,3,
CON-5565,ACC-1084,Darius Abadi,VP Marketing,VP,darius.abadi@willowrungroup.com,4,4,
CON-5566,ACC-1086,Leila Mbeki,Co-Founder,C-Suite,leila.mbeki@valencelogistics.ai,26,2,
CON-5567,ACC-1099,Ethan Tanaka,VP Marketing,VP,ethan.tanaka@solsticegroup.io,27,4,
CON-5568,ACC-1080,Noor Okonkwo,Head of Brand,Director,noor.okonkwo@parallaxsystems.co,13,1,2026-02-11
CON-5569,ACC-1095,Nadia Kowalski,Director of Marketing,Director,nadia.kowalski@embergroup.com,16,4,2026-01-07
CON-5570,ACC-1200,Marcus Reyes,CRO,C-Suite,marcus.reyes@quillgroup.io,2,7,2025-09-20
CON-5571,ACC-1123,Zara Nakamura,Director of Marketing,Director,zara.nakamura@axiomgroup.com,10,7,
CON-5572,ACC-1134,Ravi Bergman,Head of Marketing,Director,ravi.bergman@indigologistics.co,24,1,
CON-5573,ACC-1240,Zara Costa,Head of Marketing,Director,zara.costa@quilltechnologies.ai,6,0,2025-10-12
CON-5574,ACC-1221,Zara Ferreira,CMO,C-Suite,zara.ferreira@plumedigital.co,9,0,
CON-5575,ACC-1152,Cyrus Patel,Director of Brand,Director,cyrus.patel@covalenttechnologies.ai,14,0,2025-09-28
CON-5576,ACC-1168,Silas Kowalski,CMO,C-Suite,silas.kowalski@plumesystems.co,18,4,
CON-5577,ACC-1053,Maya Reyes,Director of Marketing,Director,maya.reyes@driftnetworks.com,9,4,2025-09-27
CON-5578,ACC-1112,Victor Ferreira,Head of Brand,Director,victor.ferreira@pioneernetworks.ai,4,2,2026-04-09
CON-5579,ACC-1245,Kai O'Brien,Co-Founder,C-Suite,kai.obrien@driftdigital.co,3,3,2025-11-23
CON-5580,ACC-1081,Chloe Nakamura,COO,C-Suite,chloe.nakamura@latticeanalytics.ai,25,4,
CON-5581,ACC-1043,Priya Kowalski,VP Growth,VP,priya.kowalski@solsticecloud.co,28,5,2026-03-31
CON-5582,ACC-1033,Aisha Johansson,CRO,C-Suite,aisha.johansson@helixanalytics.ai,21,0,2026-03-30
CON-5583,ACC-1022,Hiro Jensen,Head of Marketing,Director,hiro.jensen@terracenetworks.io,22,9,
CON-5584,ACC-1161,Anya Varga,COO,C-Suite,anya.varga@kestreldigital.co,14,9,2026-01-17
CON-5585,ACC-1209,Yuki Varga,Director of Demand Gen,Director,yuki.varga@harborgroup.co,21,8,2025-08-19
CON-5586,ACC-1193,Elena Singh,VP Growth,VP,elena.singh@willowrunplatforms.io,4,1,
CON-5587,ACC-1235,Noor Singh,VP Marketing,VP,noor.singh@northwind.co,14,4,
CON-5588,ACC-1181,Elena Singh,Founder,C-Suite,elena.singh@opallabs.co,7,3,2025-08-26
CON-5589,ACC-1157,Chloe Abadi,CEO,C-Suite,chloe.abadi@beacontechnologies.ai,5,5,
CON-5590,ACC-1225,Maya Singh,Founder,C-Suite,maya.singh@pioneerdigital.com,0,1,2026-01-13
CON-5591,ACC-1122,Nadia Dubois,Head of Brand,Director,nadia.dubois@vantagelabs.com,24,5,
CON-5592,ACC-1032,Zara Ferreira,CEO,C-Suite,zara.ferreira@cindergroup.ai,26,1,2025-10-28
CON-5593,ACC-1018,Darius Kowalski,Co-Founder,C-Suite,darius.kowalski@opaltechnologies.io,14,6,
CON-5594,ACC-1061,Kai Hassan,Co-Founder,C-Suite,kai.hassan@thornburytechnologies.com,5,7,2026-01-15
CON-5595,ACC-1053,Anya Varga,VP Growth,VP,anya.varga@driftnetworks.com,13,6,
CON-5596,ACC-1087,Theo Varga,Director of Marketing,Director,theo.varga@umbranetworks.ai,5,1,
CON-5597,ACC-1182,Iris Johansson,VP Marketing,VP,iris.johansson@driftlogistics.ai,18,9,2025-11-21
CON-5598,ACC-1024,Anya Singh,Head of Marketing,Director,anya.singh@umbraplatforms.ai,9,6,2026-03-16
CON-5599,ACC-1175,Anya Tanaka,Director of Demand Gen,Director,anya.tanaka@latticefinancial.com,26,6,2025-10-29
